[
    {
        "from": "Mahatva Goyal <mahatvagoyal247@gmail.com>",
        "subject": "",
        "snippet": "Hi Team, This is a reminder to submit the final project report by 7 February 2026. Please make sure all sections are completed and reviewed before submission. This task is urgent and needs to be"
    },
    {
        "from": "Google <no-reply@accounts.google.com>",
        "subject": "Security alert",
        "snippet": "A new sign-in on Windows hellosaksham1212@gmail.com We noticed a new sign-in to your Google Account on a Windows device. If this was you, you don&#39;t need to do anything. If not, we&#39;ll help you"
    },
    {
        "from": "Google <no-reply@accounts.google.com>",
        "subject": "Security alert",
        "snippet": "Your password was changed hellosaksham1212@gmail.com The password for your Google Account hellosaksham1212@gmail.com was changed. If you didn&#39;t change it, you should recover your account. You can"
    },
    {
        "from": "Mahatva Goyal <mahatvagoyal247@gmail.com>",
        "subject": "",
        "snippet": "submit by 13 Feb meeting tomorrow at 11 AM exam on 15 Feb -- Mahatva Goel 8882145669"
    },
    {
        "from": "Mahatva Goyal <mahatvagoyal247@gmail.com>",
        "subject": "",
        "snippet": "Submit your assi before 6th Feb 2026 11:59 pm -- Mahatva Goel 8882145669"
    }
]